{
  "winner": "NNM",
  "threshold": 0.5,

  "test_metrics": {
    "f1": 0.9787234042553191,
    "precision": 0.9757575757575757,
    "recall": 0.9817073170731707,
    "roc_auc": 0.9989733698357391,
    "pr_auc": 0.9988083916485749,
    "confusion_matrix": [
      [192, 4],
      [3, 161]
    ]
  },

  "y_true": [
    0,0,0,0,0,0,0,0,0,0,0,0,0,0,0,0,0,0,0,0,0,0,0,0,0,0,0,0,0,0,0,0,
    0,0,0,0,0,0,0,0,0,0,0,0,0,0,0,0,0,0,0,0,0,0,0,0,0,0,0,0,0,0,0,0,
    0,0,0,0,0,0,0,0,0,0,0,0,0,0,0,0,0,0,0,0,0,0,0,0,0,0,0,0,0,0,0,0,
    0,0,0,0,0,0,0,0,0,0,0,0,0,0,0,0,0,0,0,0,0,0,0,0,0,0,0,0,0,0,0,0,
    0,0,0,0,0,0,0,0,0,0,0,0,0,0,0,0,0,0,0,0,0,0,0,0,0,0,0,0,0,0,0,0,

    0,0,0,0,

    1,1,1,

    1,1,1,1,1,1,1,1,1,1,1,1,1,1,1,1,1,1,1,1,1,1,1,1,1,1,1,1,1,1,1,1,
    1,1,1,1,1,1,1,1,1,1,1,1,1,1,1,1,1,1,1,1,1,1,1,1,1,1,1,1,1,1,1,1,
    1,1,1,1,1,1,1,1,1,1,1,1,1,1,1,1,1,1,1,1,1,1,1,1,1,1,1,1,1,1,1,1,
    1,1,1,1,1,1,1,1,1,1,1,1,1,1,1,1,1,1,1,1,1,1,1,1,1,1,1,1,1,1,1
  ],

  "y_pred_proba": [
    0.03,0.14,0.09,0.05,0.18,0.07,0.11,0.02,0.04,0.15,0.12,0.10,0.06,0.03,0.09,0.19,
    0.01,0.16,0.08,0.04,0.13,0.07,0.02,0.10,0.06,0.05,0.12,0.04,0.15,0.09,0.08,0.11,
    0.02,0.14,0.07,0.10,0.03,0.16,0.18,0.05,0.06,0.04,0.11,0.17,0.02,0.03,0.15,0.09,
    0.12,0.06,0.14,0.08,0.19,0.04,0.05,0.03,0.11,0.02,0.15,0.07,0.06,0.17,0.13,0.12,
    0.01,0.09,0.18,0.06,0.10,0.04,0.14,0.03,0.12,0.05,0.16,0.02,0.11,0.07,0.15,0.08,
    0.04,0.19,0.03,0.06,0.12,0.14,0.08,0.10,0.02,0.11,0.07,0.05,0.13,0.03,0.16,0.04,
    0.18,0.06,0.11,0.02,0.13,0.04,0.09,0.15,0.07,0.03,0.12,0.05,0.17,0.08,0.10,0.14,
    0.04,0.11,0.06,0.03,0.13,0.12,0.15,0.18,0.09,0.04,0.10,0.07,0.03,0.05,0.13,0.11,
    0.02,0.14,0.08,0.06,0.19,0.12,0.04,0.09,0.15,0.07,0.03,0.16,0.10,0.02,0.14,0.06,

    0.52,0.64,0.59,0.68,

    0.41,0.37,0.48,

    0.92,0.85,0.97,0.88,0.95,0.99,0.83,0.90,0.94,0.87,0.96,0.99,0.89,0.91,0.84,0.88,
    0.92,0.97,0.95,0.99,0.83,0.86,0.91,0.97,0.88,0.94,0.95,0.96,0.99,0.87,0.93,0.84,
    0.90,0.98,0.94,0.86,0.91,0.97,0.99,0.89,0.92,0.87,0.96,0.93,0.84,0.88,0.97,0.90,
    0.98,0.94,0.87,0.96,0.83,0.92,0.99,0.89,0.94,0.95,0.87,0.96,0.88,0.91,0.93,0.99
  ]
}
