{
  "winner": "NNM",
  "threshold": 0.5,
  "test_metrics": {
    "f1": 0.9787234042553191,
    "precision": 0.9757575757575757,
    "recall": 0.9817073170731707,
    "roc_auc": 0.9989733698357391,
    "pr_auc": 0.9988083916485749,
    "confusion_matrix": [
      [192, 4],
      [3, 161]
    ]
  },
  "y_true": [0,1,0,0,1,1,0,1,0,1],
  "y_pred_proba": [0.12,0.88,0.20,0.30,0.91,0.87,0.10,0.93,0.18,0.95]
}
